,MM Grade A,MM Grade B,MM Grade C,MLE1 Grade A,MLE1 Grade B,MLE1 Grade C,MLE2 Grade A,MLE2 Grade B,MLE2 Grade C,MLE3 Grade A,MLE3 Grade B,MLE3 Grade C
Mean,-3.0179509489860137,-2.3562053650791346,-1.6657547910180115,-2.969764903568036,-2.3307995697189274,-1.6451371821523098,-3.000291891755595,-2.3434074157768254,-1.6596135301053212,-3.0014597947908985,-2.3485906748142216,-1.6630499915954484
std,0.19057196934727053,0.1501219820857341,0.131540650169077,0.1599964188096967,0.14239151664704433,0.1254759599687606,0.25164643667213793,0.1364100875170421,0.1223975937872522,0.18540426532254,0.14361613584220284,0.1322572050088735
RMSE,3.4731727317717573,2.810209972099106,2.1198317557007393,3.4234981600695455,2.7844354975962355,2.0988836413994325,3.4594383092557104,2.79672942686085,2.1131541484298806,3.456426001981617,2.802265888248725,2.1171767170743516
2.5th percentile,-3.3706171843236503,-2.6788484533559735,-1.918876226216576,-3.265773866211473,-2.6470380903908683,-1.9035099400464666,-3.3680775881167357,-2.6268221297878855,-1.922884172886927,-3.421181678906512,-2.624050249759911,-1.9446795644604928
5th percentile,-3.3706171843236503,-2.6045313646271944,-1.8881933369885056,-3.2258621680790105,-2.5726979159869745,-1.8608583291611378,-3.2943959644076646,-2.5656954092762336,-1.8684914834454358,-3.3497665775587087,-2.5901745629702764,-1.8757983418753605
median,-2.994383558342588,-2.34947314927121,-1.6620688836864912,-2.966994584915181,-2.326128724874833,-1.6405548318368384,-2.9871627792613022,-2.331559560188566,-1.6468355687234344,-2.9856340362160445,-2.345826791300828,-1.6642919827200569
95th percentile,-2.733721885280641,-2.110677979232279,-1.4572409696147974,-2.7014785336451075,-2.105009177844409,-1.4437167533347801,-2.7097662686324817,-2.1263395443185873,-1.4801606225875084,-2.7334552750713876,-2.129801492370161,-1.457400220989044
97.5th percentile,-2.652069807902196,-2.0789908241922674,-1.4081370105074482,-2.6457008679254956,-2.0730053224154137,-1.4159862642291385,-2.6660256739239365,-2.085406695440611,-1.4586551870220985,-2.6920274310323884,-2.088450461735128,-1.4124682467056273
